{
  "many_small_files": [
    [
      1,
      59.301379153397164,
      445.40499395125664
    ],
    [
      2,
      55.69123722991841,
      423.443287345516
    ],
    [
      4,
      47.50246215707611,
      385.61362733705005
    ],
    [
      8,
      46.41885766092475,
      357.860134437813
    ],
    [
      12,
      43.297711073533634,
      349.3734723306936
    ],
    [
      16,
      41.80755009166294,
      324.72258902049583
    ]
  ],
  "few_large_files": [
    [
      1,
      48.85395746321441,
      33068.32758450774
    ],
    [
      2,
      44.73462605325797,
      28229.026206200313
    ],
    [
      4,
      27.31083285776301,
      28516.918369948584
    ],
    [
      8,
      25.83262110540469,
      19913.60949554896
    ],
    [
      12,
      28.919706357664005,
      22111.65205930807
    ],
    [
      16,
      29.1979490867209,
      22886.86447036355
    ]
  ],
  "medium_small_blocks": [
    [
      1,
      57.46152452979905,
      5483.968986572179
    ],
    [
      2,
      59.725246754615235,
      5990.408043760801
    ],
    [
      4,
      30.324707516837343,
      3777.6993190906796
    ],
    [
      8,
      29.22481331512524,
      3189.633302407641
    ],
    [
      12,
      34.25087001030228,
      3876.543711932863
    ],
    [
      16,
      26.914156288559163,
      3193.0570886972146
    ]
  ],
  "medium_large_blocks": [
    [
      1,
      166.43482291094597,
      4098.3213148072155
    ],
    [
      2,
      176.38541246131072,
      3570.25851428766
    ],
    [
      4,
      136.49978602264093,
      2374.869204810545
    ],
    [
      8,
      145.86006864037597,
      2892.2444645184423
    ],
    [
      12,
      152.30359743056238,
      2925.4081952920665
    ],
    [
      16,
      147.1904075587359,
      2792.7024795589527
    ]
  ]
}