{
  "many_small_files": [
    [
      1,
      55.39096477992179,
      466.79891306283366
    ],
    [
      2,
      56.45965825779361,
      437.63532949026796
    ],
    [
      4,
      50.43992355045157,
      367.64225339075875
    ],
    [
      8,
      44.88386686402437,
      347.7402666312927
    ],
    [
      12,
      41.02093531750993,
      351.46872104824945
    ],
    [
      16,
      41.665050781187915,
      334.3276881696431
    ]
  ],
  "few_large_files": [
    [
      1,
      51.97015525949817,
      34602.89986593792
    ],
    [
      2,
      45.27228458163545,
      29382.1646234676
    ],
    [
      4,
      24.136718789338374,
      23936.675702668
    ],
    [
      8,
      23.816798271107537,
      22907.958354668033
    ],
    [
      12,
      27.794364113741548,
      24657.871840094063
    ],
    [
      16,
      27.325385044646264,
      23941.79950053514
    ]
  ],
  "medium_small_blocks": [
    [
      1,
      64.94093806687596,
      6925.06480426635
    ],
    [
      2,
      64.72177978475165,
      5820.89485955368
    ],
    [
      4,
      31.243023157938648,
      4761.060661096985
    ],
    [
      8,
      32.81291780826847,
      3539.2282442683677
    ],
    [
      12,
      32.85100010495267,
      3544.612056216143
    ],
    [
      16,
      26.98929991072427,
      2997.1088641966485
    ]
  ],
  "medium_large_blocks": [
    [
      1,
      178.4593783307131,
      3696.6596746047135
    ],
    [
      2,
      157.45607860670856,
      3700.6061354673066
    ],
    [
      4,
      156.43862000851882,
      3327.0435562042408
    ],
    [
      8,
      153.14877942624125,
      3313.8216006952675
    ],
    [
      12,
      151.88955525369764,
      3131.643433657127
    ],
    [
      16,
      141.29671608324514,
      2428.271038858784
    ]
  ]
}